Model,Accuracy,Precision,Recall,F1,ROC_AUC,CV_ROC_AUC,CV_STD
Logistic Regression,0.8489208633093526,0.8955223880597015,0.8108108108108109,0.851063829787234,0.9045738045738045,0.8383784543804484,0.03017844093563939
Random Forest,0.8057553956834532,0.8309859154929577,0.7972972972972973,0.8137931034482758,0.8906444906444907,0.8929416877572411,0.024613104830334402
Support Vector Machine,0.7985611510791367,0.8108108108108109,0.8108108108108109,0.8108108108108109,0.8738045738045739,0.892017537132193,0.01879581609841864
